ID,Name
14426985,Sherrill Hoving
14940480,Arlyne Aumend
14522099,Ria Dicorcia
14871302,Suzanna Colins
14570514,Evia Tazzara
14009992,Giovanni Hammatt
14628459,Vernia Hingst
14953003,Shayna Castellion
14297407,Josh Spallone
14174401,Kennith Lusignan
14684073,Shane Auzenne
14325563,Kyung Takenaka
14957401,Octavio Kringas
14683756,Gale Gehrer
14191484,Erin Scholnick
14509566,Kristopher Matthees
14446400,Josh Branscom
14870730,Ariana Mean
14480390,Nathalie Vaile
14378584,Brant Dalka
14759938,Stevie Mabel
14330366,Jamaal Merrett
14457626,Bambi Nanfito
14359998,Marty Lala
14333517,Jody Teaque
14038991,Tressa Babitsch
14526662,Lucie Caddle
14559273,Bebe Bintliff
14013606,Glen Hickel
14824528,William Vaughan
14300096,Genevive Spillett
14702927,Herschel Lapaglia
14890811,Milford Demmons
14193882,Renata Landgren
14651441,Wilfred Frietas
14856241,Christoper Drumbore
14728153,Sherie Pencek
14684299,Kennith Corneau
14403749,Charleen Fiallos
14417372,Foster Belyea
14002497,Shantel Kellis
14106896,Jake Uehara
14319994,Orville Culhane
14163089,Elene Zahran
14106309,Marcos Menaker
14133943,Jame Dellbringge
14148585,Jillian Trammel
14951620,Kyla Vold
14928202,Lionel Allmond
14801761,Tawna Lacrone
14688167,Freeman Beddow
14164121,Nedra Touhey
14914872,Tamara Spalding
14002458,Jose Stanley
14304730,Antony Yanko
14227527,Khalilah Mangiaracina
14629759,Josiah Rosian
14153591,Keri Farren
14471736,Lavon Scarsdale
14686213,Gustavo Almeter
14932917,Rico Hohaia
14558162,Sabina Notestine
14603578,Roma Delgatto
14276732,Judson Detillion
14031535,Lyman Allegra
14830220,Debrah Stoneham
14813807,Al Boroughs
14633419,Rossie Morarity
14766496,Nathan Burge
14209377,Donald Graybill
14288619,Foster Schuppert
14229882,Bambi Sappenfield
14996029,Rima Zadeh
14739886,Wilton Kooken
14966481,Marcos Ottosen
14014318,Roma Beshara
14549325,Idella Demshar
14333586,Orville Nierenberg
14692052,Justin Gage
14825511,Casimira Crosten
14402819,Alayna Vanputten
14016421,Robby Tokuoka
14666913,Zenia Zulfer
14966608,Steve Desrosiers
14137450,Charisse Frittz
14228472,Wynell Halonen
14042117,Shane Haddad
14996712,Thea Daine
14994118,Cira Biangone
14459323,Jake Geitner
14594265,Genevive Cutt
14680928,Cornell Chaskey
14387879,Tena Vitanza
14957440,Gustavo Kilbride
14405676,Lionel Husak
14878059,Tawna Rakoci
14672630,Clementine Cocks
14170600,Debbie Koehler
14875874,Dewitt Tibwell
14124420,Lewis Bevins
14973748,Marcelle Balck
14554868,Terry Johnsen
14009368,Gilberto Barnicle
14924318,Alva Langbein
14989112,Camellia Haydock
14002910,Basilia Plikerd
14827109,Duncan Lother
14616743,Roseanna Moxey
14544471,Rico Vijayan
14500853,Gilberto Turkel
14383792,Paige Hinz
14863783,Octavio Linet
14129704,Charisse Krail
14258859,Laurence Cerino
14266762,Hugo Aslanian
14469287,Vincent Whiteside
14155844,Yuriko Niten
14472568,Brant Protasewich
14891418,Sharonda Cocanougher
14732460,Precious Buist
14117675,Renata Quale
14578977,Enriqueta Peche
14039028,Nancee Puller
14045074,Martin Morrissey
14784541,Peter Ashcraft
14419943,Foster Palis
14516195,Gustavo Bole
14256014,Luis Krug
14191705,Starla Fetchko
14205403,Jody Vinet
14254767,Karissa Parbs
14749287,Brent Bee
14666739,Venessa Rothgeb
14930929,Casimira Maschio
14961606,Dean Raub
14973191,Fritz Koetje
14165547,Consuelo Hagans
14200823,Marcos Molles
14573037,Lang Bilis
14533650,Breana Heter
14335751,Delfina Thorndike
14750991,Robby Schaupp
14427945,Alva Kleimola
14049674,Norberto Sporle
14935225,Wilton Honzel
14974950,Gale Rumbolt
14934606,Melvina Fioravanti
14982554,Sharonda Gemes
14126664,Arron Segouia
14598416,Mack Vandevelde
14541406,Bambi Dura
14844764,Al Canney
14798884,Napoleon Prettner
14188435,Latonia Seabreeze
14626368,Albert Stlouis
14712351,Gordon Tremble
14916938,Norberto Vallotton
14282006,Junko Ferdolage
14191693,Jo Swaney
14099005,Orville Voeller
14548278,Maurice Royce
14256507,Hugo Summerton
14687079,Joshua Klein
14296788,Alaina Wakeham
14326133,Erin Noury
14115398,Kristopher Mclarney
14079031,Georgianna Nardella
14699001,Felipa Rinkel
14350809,Levi Mccrossen
14479078,Evia Llanez
14314437,Garth Magleby
14368487,Vikki Ramsier
14143315,Maurice Grose
14478174,Marcelle Tress
14362100,Sanjuana Criblez
14723869,Napoleon Simco
14367767,Judson Vandenbergh
14915126,Tosha Currington
14238335,Carmelia Bentancourt
14656856,Mack Markee
14508940,Diana Mcintosh
14377572,Marcos Scholtes
14878837,Foster Pesin
14650668,Wilton Kohnz
14839638,Gilberto Cardell
14822483,Bonnie Mosby
14764476,Vernia Garasha
14913493,Travis Cassady
14037491,Lan Buege
14251743,Meda Dhondt
14353205,Glen Mcdonell
14111209,Dallas Raska
14972471,Thea Moitoso
14615999,Renata Tanton
14160159,Tora Serles
14664229,Ria Campoli
14499292,Alma Bradbury
14033215,Meda Derwitsch
14197942,Genoveva Rosillo
14849768,James Mcalpine
14357765,Terica Meachen
14733257,Alanna Hogsette
14424080,Samuel Knoll
14193000,Phillip Malcolm
14771417,Nathan Quiles
14841291,Kristopher Kretzschmar
14221554,Stephany Cragle
14335818,Junko Rong
14177970,Roselyn Furlough
14366122,Robert Harr
14506784,Bennett Bourgue
14937352,Alfonzo Leistiko
14971930,Miriam Gottlieb
14500590,Claire Halsey
14115838,Brenton Crosdale
14359881,Jake Sandra
14145714,Marcelle Buschmann
14351461,Victoria Crafton
14688541,Sharika Sandall
14699364,Gilberto Leiby
14504964,Renata Meriweather
14069008,Hans Andel
14726628,Rona Chinick
14103976,Dorcas Danial
14442006,Kandra Rubero
14122935,Christoper Campora
14767407,Brandon Berkowitz
14990690,Tiana Pesante
14819462,Aleta Golida
14793499,Dewitt Klussmann
14657014,Gordon Gober
14007793,Felipa Cadice
14027626,Polly Fessler
14036998,Rossie Veeneman
14214104,Josephine Page
14332469,Wilton Relles
14243819,Antony November
14168349,Danny Paschall
14113965,Shantel Petersheim
14007223,Antony Regalbuto
14731971,Josh Grabau
14467266,Tosha Tatton
14466156,Ismael Holdaway
14488990,Thuy Bertelle
14631928,Cornell Yeakel
14368464,Hugo Shunnarah
14355256,Cornell Cohens
14427891,Darleen Placide
14061560,Lyman Baghdasarian
14297517,Yong Randzin
14583936,Patrick Jacquez
14423485,Marylin Grine
14404793,Casimira Burross
14467780,Kyra Notoma
14398503,Milford Hurrigan
14430745,Lewis Frerichs
14667892,Elisabeth Shillings
14829687,Viviana Shaddock
14515754,Shizuko Guetersloh
14653367,Ingrid Mcninch
14786998,Joaquina Seegert
14657586,Matthew Atwood
14837151,Deborah Bronson
14753940,Stevie Stare
14677118,Charisse Carpinello
14655423,Marcelle Capano
14938213,Freeman Ruegsegger
14717766,Bertha Merwin
14565371,Maranda Eavey
14427466,Lon Killeagle
14692350,June Betz
14110473,Gabriella Revak
14178139,Brigette Moranda
14226698,Al Girdley
14167644,Joanne Gulick
14702695,Glen Harrigan
14415577,Khalilah Haleamau
14166603,Napoleon Vanveldhuize
14402118,Lucie Agel
14551328,Jani Joliet
14385945,Foster Fiscel
14534600,Jody Washinton
14598372,Lavon Kamerad
14642685,Ginny Carragher
14935391,Abbey Kovalcheck
14657720,Octavio Stohlton
14717426,Myrtle Ritchey
14923590,Lionel Mathiason
14806353,Herschel Cassisse
14855895,Jannette Cauthon
14840234,Sam Lesure
14431351,Dewey Mola
14673505,Howard Jennings
14333892,Erin Belrose
14222542,Edie Loesche
14134825,Wynell Vanderschel
14829117,Renata Cerniglia
14337860,Lashanda Maschke
14403112,Abbey Deneke
14557054,Brenton Hanback
14817481,Terrilyn Nettik
14484968,Dorcas Hudecek
14999779,Ariana Zeches
14561899,Donna Meacham
14120886,Clint Hardgrove
14859095,Ismael Kreisler
14214678,Fritz Indest
14222317,Phyliss Albea
14513645,Drew Sprau
14346671,Daria Driessen
14362185,Jame Nannie
14395859,Herschel Hoppel
14737349,Norberto Hathway
14395718,Willie Amick
14335694,Lyndsey Maushardt
14481609,Amal Moznett
14998279,Walter Dunne
14952861,Fritz Adelgren
14515960,Kristopher Shular
14222987,Tu Felmet
14613029,Ginny Plotts
14824794,Sharika Bruestle
14785438,Jack Palomino
14047651,Evia Crowthers
14132271,Giovanni Herbers
14403443,Jody Mcgowin
14567223,Ingrid Dineen
14911444,Charlene Shaver
14113548,Carmelia Meylor
14118447,Gustavo Miko
14165197,Clint Dagen
14350700,Cyrus Mcgahen
14168261,Antony Tyrus
14475670,Curtis Corrigan
14980880,Gustavo Nyhus
14090752,Annamarie Brayley
14106135,Antony Hawelu
14768914,Cindy Burney
14340002,Gerda Jethva
14163475,Willena Gillmor
14624291,Aida Heitman
14574665,Helen Portis
14658253,Deon Lolli
14903431,Sherie Minert
14543505,Ronald Leavitt
14448840,Tosha Baldon
14011757,Darcey Harouff
14176744,Imogene Gayles
14572292,Lashanda Kostohryz
14045374,Belinda Aranda
14427369,Kyra Yazdani
14233870,Aida Strahl
14960329,Sang Durniok
14243543,Norma Broome
14844445,Jamaal Selem
14856327,Brenton Weckwerth
14523043,Juan Huddleston
14036966,Lyman Kapps
14016014,Jame Boote
14555420,Yong Gransberry
14283537,Nicolas Guarneri
14551468,Janina Cheeseboro
14905907,Wilton Newgard
14176285,Fritz Mustaro
14670352,Rima Lahmers
14562485,Jeanetta Shafto
14510135,Stevie Sollberger
14707137,Chad Mangrum
14174268,Steve Corows
14916029,Rosalba Summerson
14734940,Alfonzo Gramolini
14563471,Eva Krieger
14712416,Zenia Laundry
14175045,Jerold Pishner
14512362,Joanna Burdette
14640079,Anna Seifert
14856074,Lyndsey Kustes
14202108,Gertie Kirschenman
14507327,Carlos Batiste
14646084,Allen Fortune
14868417,Magnolia Bidez
14048471,Elisabeth Hardeman
14691023,Antony Bi
14792270,Genaro Belzung
14821465,Jeanetta Robair
14713674,Sherrill Capparelli
14103115,Mittie Tucek
14999471,Dewitt Batas
14942688,Zoraida Mesplay
14906537,Wesley Ashbrook
14293986,Cornell Meter
14355294,Marcos Whitehall
14821393,Kyra Cubillo
14762503,Christoper Schouviller
14938386,Josiah Zaczek
14553147,Lester Lambrecht
14814424,David Roll
14567087,Esther Walsh
14543757,Ileana Schetrompf
14269046,Jannette Fagundo
14228626,Tamika Spillane
14198878,Keeley Cappleman
14510139,John Barros
14334782,Jake Yeargan
14841203,Lon Birrittella
14132418,Junko Digiuseppe
14389645,Myrtis Else
14864194,Milford Heally
14716561,Marita Maddry
14014400,Joaquina Fasula
14910908,Duncan Skripko
14458040,Joanie Beaudrie
14488059,Dan Brucker
14673838,Wilfred Woodke
14867576,Rosendo Heschke
14454736,Alaina Tiedt
14065570,Oleta Tyburski
14675356,Breana Lovaas
14095449,Carol Floer
14267304,Wilfred Trias
14898824,Therese Denman
14514982,Jerold Gausman
14096317,Cecile Hennis
14746977,Lashanda Sehl
14450968,Judson Vocu
14805075,Phyliss Odair
14931539,Orville Witfield
14157061,Alva Hinsey
14274023,Enriqueta Quaresma
14445758,Lon Bronsky
14675708,Jody Ankrom
14726756,Joe Gaskill
14884296,Gerda Grenko
14088484,Khalilah Dittrick
14512984,Shane Bockelman
14948886,Lavon Splane
14268787,Mack Boysel
14710369,Brenton Trio
14235319,Emmaline Schiffelbein
14671107,Arlyne Cwiakala
14969961,Venessa Commodore
14507580,Levi Borchard
14488771,Genaro Bajaj
14102548,Marjorie Bybee
14041990,Drew Hedrington
14813292,Craig Fried
14226277,Stevie Lefeber
14325671,Janette Tomaselli
14732059,Cyrus Vermeer
14688950,Sherie Compston
14987120,Marvin Avila
14900758,Rico Kneifel
14671630,Giovanni Mcclammy
14314270,Amal Peduto
14203081,Renata Lowy
14155853,Magda Cockman
14374168,Al Civils
14425598,Judith Garza
14429331,Olin Turla
14496176,Alfonzo Horaney
14762264,Ervin Sanville
14225999,Alva Bobier
14386843,Brant Bacio
14274727,Brenton Brookshaw
14828210,Jesica Epting
14691518,Jeffery Beaudette
14569037,Vikki Kubacki
14701356,Erin Taper
14705693,Emmaline Arbogust
14703805,Faustino Gauwain
14558741,Al Clendaniel
14471129,Deeanna Woelfl
14011525,Katrina Hollifield
14559463,Vernon Wongus
14907827,Sharonda Fodge
14476224,Janie Strawn
14958990,Jake Legnon
14401068,Raven Steckler
14056644,Lionel Fakhouri
14115891,Drew Fletes
14753152,Mack Swistak
14706347,Hermila Busta
14586668,Gordon Ota
14941224,Clint Vaske
14965099,Hung Roekle
14911523,Jamaal Healan
14398267,Levi Oldenkamp
14402043,Wilton Mettee
14418161,Lincoln Karch
14244037,Jorge Abner
14202597,Marcos Mietus
14176744,Giovanni Vandagriff
14198670,Zenia Mackesy
14524697,Debora Wagstaff
14625204,Hung Nealley
14918537,Mi Peles
14940453,Corinna Cordew
14227240,Lincoln Delauter
14711367,Jovita Risto
14343123,Alfonzo Karadimas
14251567,Levi Zavaleta
14749369,Catherin Jardot
14663691,Princess Spake
14750153,Eugena Maruyama
14818428,Marilee Escanlar
14022647,Charisse Ceglinski
14760598,Alayna Fregeau
14092078,Jody Virgilio
14053929,Brenton Garter
14058703,Latricia Halsell
14938162,Dewitt Vrazel
14698990,Lon Ronson
14303581,Kenneth Rosas
14779998,Bernardina Yarmitsky
14186457,Arron Leclare
14010090,Sean Plank
14993269,Gilberto Witry
14993908,Foster Ruggirello
14013806,Alesia Steinour
14512437,Brent Bahena
14032653,Rico Endreson
14615428,Beulah Haupt
14868722,Greg Marek
14989325,Candelaria Quinchia
14510944,Latonia Uthe
14894418,Terrilyn Salus
14585868,Sang Smaw
14449545,Dallas Gamet
14727728,Lincoln Guinasso
14990472,Genaro Delcueto
14540627,Katie Hickman
14981528,Mack Rendel
14849668,Napoleon Kostyk
14751627,Tenesha Hesselink
14917642,Charisse Catterson
14376155,Phyliss Knost
14639723,Antony Yasui
14509951,Kyong Govostes
14119693,Annamarie Romney
14021672,Corey Sova
14619713,Anthony Bearden
14977065,Brant Stapelton
14070930,Judson Girillo
14586493,Yong Fjetland
14179433,Joanie Beghtol
14142703,Marlyn Boulette
14253569,Norberto Crannell
14375617,Rick Rodenberg
14467050,Sabina Sidener
14794890,Ervin Wanger
14430993,Ismael Vert
14750932,Dallas Nesheim
14054714,Erika Fuchs
14376045,Alva Honga
14672253,Debrah Gitter
14218037,Taylor Teresa
14428275,Enriqueta Aran
14584309,Gertie Spragins
14427573,Ellis Doleman
14652762,Bobette Rongo
14278689,Rosendo Barrile
14009476,Latricia Cummiskey
14140771,Brant Seanor
14711469,Stephany Joens
14278384,Gabriella Mallak
14102669,Faustino Schuppert
14021856,Taylor Lutrick
14429765,Brenton Hnyda
14811764,Sanjuana Tapales
14854275,Dean Fore
14251970,Antony Zanes
14896255,Darleen Pundt
14623052,Nicolas Rissman
14741115,Jame Acquilla
14532955,Corey Lazarus
14126969,Mireya Mile
14771223,Belen Sneddon
14706085,Catheryn Sadger
14666412,Golden Bonton
14341618,Robby Hasko
14627578,Debora Wilmore
14437545,Vernon Sivils
14052229,Tora Pinna
14594613,Norberto Revette
14762618,Alanna Sutulovich
14443919,Rico Farahkhan
14397332,Lavina Trotti
14754813,Idella Walworth
14301742,Antony Achter
14304710,Howard Bump
14758455,Casimira Apodoca
14807299,Jamika Jablon
14408032,Mi Gath
14547907,Drew Kitchel
14938982,Jamaal Bobier
14866927,Cynthia Clevenger
14294624,Candice Shavers
14055006,Nanci Cechini
14097630,Fern Fulmore
14250873,Dorcas Viner
14141640,Therese Chick
14575130,Jannette Smolka
14266744,Keeley Memos
14563333,Debora Grass
14587381,Faustino Loock
14658922,Charleen Narine
14231781,Corey Mcroberts
14211963,Renate Muoio
14802190,Nancee Aamot
14244308,Antony Correale
14721610,Stephenie Hausauer
14867794,Annamarie Dorvil
14567946,Rico Valtas
14407208,Anissa Hasenauer
14968199,Precious Hisel
14827124,Ismael Conduff
14902185,Keeley Riekena
14258185,Pedro Blackwelder
14576365,Kristin Landry
14179952,Laurence Gerhold
14399431,Caitlin Whitesides
14951123,Carlos Goodrich
14760668,Lashanda Aperges
14607699,Faustino Bennin
14694568,Horst Kohl
14483933,James Conger
14205915,Wilfred Caul
14687519,Norberto Dornbrook
14905261,Yuriko Stimer
14523183,Vernia Yazzle
14529385,Mariam Mccant
14911235,Levi Skutnik
14393974,Lyndsey Defee
14766755,Stevie Byland
14741418,Joycelyn Morkert
14026078,Alesia Odome
14392404,Precious Somera
14714247,Mariam Childres
14956060,Debrah Semans
14363962,Wesley Brockington
14049372,Herman Brunell
14349298,Josiah Seek
14772780,Terrilyn Cutno
14392068,Jake Reaser
14713470,Marcos Eekhoff
14084607,Asia Fausett
14954301,Kyung Asturias
14732249,Shara Briggman
14630380,Milford Oganyan
14530578,Gordon Parmenter
14668580,Ileana Councilman
14949004,Nedra Yaw
14337845,Jerry Fiske
14476126,Duncan Zumbach
14424614,Daria Featheroff
14760587,Foster Lloid
14316521,Nanci Citrin
14857252,Princess Wissing
14994893,Shondra Minardo
14153123,Ronny Pfieffer
14655742,Genevive Plese
14426055,Kassandra Savko
14013488,Kristopher Marquard
14355330,Hellen Lusane
14958795,Sam Houchins
14050746,Yong Kocka
14168720,Stephenie Harns
14382096,Breana Zuckerberg
14933443,Candy Fasano
14679269,Mireya Crieghton
14900688,Tawanda Favro
14680362,Antony Nienow
14071575,Wesley Duppstadt
14730681,Napoleon Debrecht
14900009,Kyla Gerould
14158803,Mi Venturino
14021098,Shayna Defenderfer
14386666,Nicolas Kliethermes
14167889,Taylor Racz
14159532,Kyung Harloff
14867629,Arron Panagiotopoul
14581807,Tiffanie Pinkelton
14222027,Hortense Herbster
14483959,Casimira Kais
14438559,Magnolia Granzella
14406524,Abbey Pagnozzi
14273940,Hugo Freelove
14898837,Dallas Raboin
14603739,Viviana Braz
14228644,Melissa Tillotson
14066464,Brant Norum
14336296,Aida Belmont
14365584,Mireya Joerg
14640047,Karol Tennessee
14164936,Lyman Forro
14987133,Orville Riggles
14148855,Marty Snipe
14630230,Felipa Wittenbrink
14329771,Justin Ponder
14256498,Brenton Courier
14370673,Tawanda Blinka
14274052,Eugena Nicolette
14558397,Lyman Julias
14433519,Cyrus Allgier
14544860,Marcos Fisler
14397073,Luz Dionne
14164540,Arron Cardi
14410888,Karissa Skursky
14062393,Fritz Rausin
14619103,Natalya Lagerstrom
14072154,Christoper Sisneroz
14054717,Nathalie Remmel
14254822,Rodney Mcdermott
14715707,Susie Kiser
14415168,Lyman Bauske
14105882,Deon Rochkes
14120613,Ellis Celeste
14608477,Levi Hemmings
14794546,Jamaal Peffers
14114053,Fred Mccann
14075029,Fritz Theaker
14930668,Jamika Cabos
14593314,Alesia Blender
14881399,Rosendo Boham
14967994,Shara Fernstrom
14377881,Tim Bruckner
14855416,Wilfred Sementilli
14198814,Nicola Selia
14623898,Judson Poties
14642444,Duncan Tawwater
14493719,Jillian Bartow
14387086,Bobby Custer
14605844,Zonia Carreker
14973020,Stephanie Seal
14755654,Linda Reeder
14259383,Jesse Clair
14324237,Foster Brennaman
14851311,Bennett Tutoky
14816301,Sherie Musitano
14245146,Karol Foisy
14284231,Mamie Abner
14106266,Deon Falconio
14522139,Verla Luxton
14838494,Milford Vandesteene
14943110,Sina Alben
14142383,Olin Rund
14392828,Venessa Spinosa
14492261,Antony Moellers
14368872,Genaro Schonert
14354609,Priscilla Ashley
14369491,Hortense Slatin
14919453,Faustino Schaneman
14173730,Christoper Grona
14806704,Joshua Pearson
14878277,Octavio Bekis
14891412,Ronald Ritchey
14575039,Laverne Allwardt
14934303,Glenda Melton
14587364,Richelle Santano
14225870,Bobby Whalen
14723141,Lyman Kacerski
14584742,Bruce Penn
14090342,Freeman Sarli
14557939,Sanjuana Schearer
14173133,Thuy Bedenbaugh
14229241,Levi Fegett
14298181,Ismael Dagnan
14271737,Daniella Longiotti
14630918,Alfonzo Steenburgh
14395591,Duncan Bleggi
14796301,Candice Mauney
14903612,Fritz Hvizdos
14575970,Zonia Mehner
14721019,Laurence Vanduyn
14992247,Dina Rozelle
14210394,Lonnie Traxson
14284345,Rico Rapelyea
14708070,Joy Pride
14871224,Brittany Crawford
14119879,Ariana Colindres
14978025,Brent Sills
14421919,Nancee Spagna
14174841,Daria Dipanfilo
14804098,Kenneth Bare
14043240,Nicolas Sagredo
14353396,Irma Braun
14302745,Rosena Dubyk
14671466,Fritz Mehringer
14578988,Thea Caudy
14822579,Dallas Ternes
14456247,Rheba Crincoli
14233435,Dallas Ludy
14801872,Dewey Kenley
14551128,Annamarie Gauldin
14800734,Charleen Sodhi
14609584,Latonia Rostek
14832664,Ronald Angelo
14150361,Yong Lifer
14127800,Ellis Elling
14938654,Cira Torrie
14605130,Michael Gagnon
14854007,Emmaline Balafoutas
14581014,Maurice Burkey
14927737,Al Kamada
14683197,Rico Hernanez
14638546,Marcelle Rouge
14498194,Ervin Singelton
14462688,Casimira Mane
14436184,Genaro Zahran
14619958,Rona Longhini
14203939,Foster Ovall
14307547,Tu Peraro
14919604,Myrtis Milanesi
14282691,Willena Pittmann
14904974,Alfonzo Gurske
14867589,Kristopher Mario
14709251,Garth Urps
14143690,Adrianna Speach
14510313,Tena Dominic
14981318,Adrianna Morreau
14106844,Alfonzo Dornfeld
14159679,Lavon Prati
14501645,Ellis Arnhold
14920046,William Shows
14853324,Brant Bahrke
14316903,Zachary Kasprzak
14578183,Meda Hustead
14023625,Latonya Voorhies
14880736,Lon Stobbs
14099971,Chelsie Szczepanek
14463896,Roxane Meschke
14391804,Yong Laurey
14986927,Kassandra Kawata
14878853,Rico Remos
14204947,Cornell Tritch
14197932,Corrie Gorr
14675608,Charlotte Sommer
14465617,Roseanna Nehmer
14194994,Orville Diamant
14340976,Kristopher Chevrier
14490112,Latonia Gahm
14923299,John Coy
14047747,Stevie Davion
14333027,Tajuana Holliway
14001023,Sean Carrico
14653499,Bennett Rusten
14963122,Stevie Morera
14790325,Precious Vecchia
14524531,Foster Mesiti
14996021,Meda Agers
14000027,Margie Winchester
14421547,Kyra Vandebogart
14037755,Nathalie Kohnen
14629394,Dan Wittig
14117685,Alesia Fundora
14780887,Lionel Sandahl
14895844,Tora Schlink
14708396,Leatrice Espeland
14049474,Lester Rehberg
14534629,Jimmy Kyle
14062975,Albert Ballenger
14184672,Annie Jefferson
14398687,Alfonzo Vanhoecke
14222665,Frank Wilkinson
14489577,Alaina Katt
14301582,Marita Connley
14560227,Jody Turnes
14341610,Todd Mchenry
14408553,Jody Killings
14327928,Brittany Parsons
14715989,Candelaria Kintop
14579477,Sharonda Debruce
14184138,Bennett Valis
14345732,Napoleon Gulsvig
14605225,Duncan Merickel
14235900,Garth Ontko
14109208,Olin Nuchols
14536007,Junko Ellerbusch
14662938,Jesica Affolter
14256522,Tim Zweifel
14393712,Jamaal Franchini
14693629,Adam Langevin
14169070,Foster Furbish
14676555,Luz Shay
14649266,Sanjuanita Smisek
14749818,Claudio Alsheimer
14942711,Kristeen Seils
14318532,Paige Critchlow
14193591,Taylor Petz
14822451,Ismael Schur
14744826,Gilberto Rothberg
14610553,Sherrill Pason
14555786,Shelley Mcswain
14884201,Earl Larkin
14665909,Alva Stroth
14069338,Laurence Nachman
14850449,Mildred Galvez
14379267,Tyra Yasso
14173598,Cyril Bennin
14312879,Elva Lindholm
14046558,Alanna Cerri
14284676,Herschel Bison
14935638,Jamaal Miecznikowski
14268025,Wilton Vangordon
14846592,Ricardo Cavin
14710091,Roseanna Oehlschlager
14349215,Gale Telle
14524239,Norberto Mccarvy
14055982,Bernardina Overbeek
14298405,Deon Barios
14445297,Brant Hurl
14853896,Jorge Mcgoldrick
14850061,Matthew Wester
14272977,Verla Colello
14152556,Christoper Topolinski
14460563,Jani Stevener
14345020,Collette Wriston
14939395,Princess Ledwell
14533884,Laurence Barsh
14218637,Nereida Crasco
14349861,Willie Casarez
14220145,Starla Przedwiecki
14647055,Olin Obhof
14851924,Jesica Garbe
14551413,Willow Knochel
14546043,Laverne Dyner
14177116,Laverne Bynon
14586450,Judson Roaden
14655404,Anissa Nowden
14534266,Wilfred Bilagody
14488972,Jake Boxley
14662608,Harold Tatum
14745840,Fritz Mocco
14514272,Lincoln Helfgott
14853104,Herschel Otanicar
14659131,Joseph Gipson
14624281,Deeanna Deneke
14735934,Jacque Sary
14897568,Harold Mitchem
14529179,Princess Larence
14899617,Ryan Dvorak
14892615,Jake Distin
14451037,Josh Pirrone
14413948,Nanci Sfatcu
14366519,Magnolia Murrock
14819036,Tim Tall
14085526,Theda Evanson
14327617,Mack Caldeira
14048546,Renata Mcsparren
14977561,Antony Kalisch
14308349,Taylor Shuttlesworth
14149430,Clyde Prada
14846548,Corrie Postema
14815675,Evie Hongach
14691621,Arron Seacrist
14260173,Bonny Kurkowski
14453847,Christoper Londre
14014161,Jamaal Botellio
14055897,Ok Tritch
14778665,Cornell Uhri
14807020,Idella Dominic
14464896,Roselyn Zeoli
14261797,Brent Woerner
14631731,Lucie Contrino
14677815,Tressa Ditton
14483760,Jerlene Garity
14556904,Eric Mejia
14079222,Wayne Donner
14531309,Orville Scolaro
14272620,Daniella Nucklos
14604574,Yong Grenway
14462480,Tamika Klenke
14683028,Kenneth Sollars
14982993,Tu Sierras
14504827,Nedra Mcclenon
14447488,Alva Angelovich
14879916,Lorna Draeger
14667379,Sandra Hewitt
14545716,Sheri Randle
14226472,Mariam Schember
14148958,Dean Legrand
14690893,Gustavo Marinucci
14241563,Lavon Huskinson
14625000,Shayna Boelke
14242492,Shizuko Sinden
14944352,Rima Espalin
14605674,Evia Szweda
14869218,Fred Bergmann
14235387,Gustavo Pili
14375587,Clint Goar
14298437,Laverne Schwarts
14020285,Lorraine Pasquale
14560341,Arron Sitzler
14197366,Stephen Longley
14570855,Ronny Caleb
14788183,Shondra Jakubik
14286335,Herschel Boudinot
14256832,Jody Granberg
14490748,Gerald Godin
14044002,Ria Riccelli
14140558,Alta Wolpert
14783182,Larry Dombrowski
14173217,Al Sprung
14907170,Genaro Abreau
14053835,Jake Cartelli
14212272,Tenesha Robeck
14871546,Sharonda Dubach
14246584,Bernardina Jui
14844254,Ami Welding
14194075,Richard Joslin
14507046,Charisse Wilbers
14049577,Charisse Skibosh
14325838,Daria Vint
14279475,Yong Barhydt
14308553,Ryan Devoe
14971332,Jovita Ortlieb
14561592,Jame Hoist
14851030,Aida Bushey
14602057,Thea Fremin
14766362,Hector Paquin
14779436,Josh Feazel
14019042,Georgianna Stachowicz
14704182,Ismael Bonkowski
14999713,Kenneth Townsley
14554475,Jamaal Mcalhaney
14487594,Levi Wertheim
14033402,Dorothea Cloyd
14951587,Dorcas Odoherty
14796356,Charisse Tardio
14439959,Rico Orrala
14409864,Kristin Angeles
14532561,Dallas Serratore
14272207,Roger May
14322342,Freeman Preisinger
14400731,Yuriko Aydt
14592844,Mack Mauser
14928124,Brent Bartow
14684184,Mabel Dumont
14150018,Vernia Bretthauer
14503778,Brant Vinz
14403130,Gwendolyn Lundberg
14288867,Freeman Whapham
14514096,Candy Outen
14369746,Catheryn Corrigeux
14231179,Wilton Bitzel
14406727,Tenesha Maniatis
14141130,Kristopher Kenniston
14034615,Rosetta Bagnell
14453568,Janina Reddrick
14300924,Foster Vessar
